[
    {
        "stepId": "STEP1",
        "stepName": "Url: www.linux.org.ru",
        "infFile": "t2.inf",
        "time": 1736713333961
    },
    {
        "stepId": "STEP2",
        "stepName": "Submit Data: ajax_login_process",
        "infFile": "t3.inf",
        "time": 1736713342921
    },
    {
        "stepId": "STEP3",
        "stepName": "Url: www.linux.org.ru_2",
        "infFile": "t5.inf",
        "time": 1736713343044
    },
    {
        "stepId": "STEP4",
        "stepName": "Url: notifications-count",
        "infFile": "t6.inf",
        "time": 1736713343071
    },
    {
        "stepId": "STEP5",
        "stepName": "Url: profile",
        "infFile": "t8.inf",
        "time": 1736713347352
    },
    {
        "stepId": "STEP6",
        "stepName": "Url: notifications-count_2",
        "infFile": "t9.inf",
        "time": 1736713347382
    },
    {
        "stepId": "STEP7",
        "stepName": "Url: profile_2",
        "infFile": "t10.inf",
        "time": 1736713347419
    },
    {
        "stepId": "STEP8",
        "stepName": "Url: edit",
        "infFile": "t11.inf",
        "time": 1736713347450
    },
    {
        "stepId": "STEP9",
        "stepName": "Url: notifications-count_3",
        "infFile": "t12.inf",
        "time": 1736713347477
    },
    {
        "stepId": "STEP10",
        "stepName": "Submit Data: edit_2",
        "infFile": "t13.inf",
        "time": 1736713347661
    },
    {
        "stepId": "STEP11",
        "stepName": "Url: notifications-count_4",
        "infFile": "t14.inf",
        "time": 1736713349728
    },
    {
        "stepId": "STEP12",
        "stepName": "Url: profile_3",
        "infFile": "t15.inf",
        "time": 1736713349760
    },
    {
        "stepId": "STEP13",
        "stepName": "Url: profile",
        "infFile": "t17.inf",
        "time": 1736713354029
    },
    {
        "stepId": "STEP14",
        "stepName": "Url: notifications-count_2",
        "infFile": "t18.inf",
        "time": 1736713354076
    },
    {
        "stepId": "STEP15",
        "stepName": "Url: profile_2",
        "infFile": "t19.inf",
        "time": 1736713354119
    },
    {
        "stepId": "STEP16",
        "stepName": "Url: edit",
        "infFile": "t20.inf",
        "time": 1736713354171
    },
    {
        "stepId": "STEP17",
        "stepName": "Url: notifications-count_3",
        "infFile": "t21.inf",
        "time": 1736713354205
    },
    {
        "stepId": "STEP18",
        "stepName": "Submit Data: edit_2",
        "infFile": "t22.inf",
        "time": 1736713354398
    },
    {
        "stepId": "STEP19",
        "stepName": "Url: notifications-count_4",
        "infFile": "t23.inf",
        "time": 1736713356456
    },
    {
        "stepId": "STEP20",
        "stepName": "Url: profile_3",
        "infFile": "t24.inf",
        "time": 1736713356495
    },
    {
        "stepId": "STEP21",
        "stepName": "Url: profile",
        "infFile": "t26.inf",
        "time": 1736713360760
    },
    {
        "stepId": "STEP22",
        "stepName": "Url: notifications-count_2",
        "infFile": "t27.inf",
        "time": 1736713360802
    },
    {
        "stepId": "STEP23",
        "stepName": "Url: profile_2",
        "infFile": "t28.inf",
        "time": 1736713360837
    },
    {
        "stepId": "STEP24",
        "stepName": "Url: edit",
        "infFile": "t29.inf",
        "time": 1736713360875
    },
    {
        "stepId": "STEP25",
        "stepName": "Url: notifications-count_3",
        "infFile": "t30.inf",
        "time": 1736713360913
    },
    {
        "stepId": "STEP26",
        "stepName": "Submit Data: edit_2",
        "infFile": "t31.inf",
        "time": 1736713361101
    },
    {
        "stepId": "STEP27",
        "stepName": "Url: notifications-count_4",
        "infFile": "t32.inf",
        "time": 1736713363154
    },
    {
        "stepId": "STEP28",
        "stepName": "Url: profile_3",
        "infFile": "t33.inf",
        "time": 1736713363212
    },
    {
        "stepId": "STEP29",
        "stepName": "Url: profile",
        "infFile": "t35.inf",
        "time": 1736713367484
    },
    {
        "stepId": "STEP30",
        "stepName": "Url: notifications-count_2",
        "infFile": "t36.inf",
        "time": 1736713367510
    },
    {
        "stepId": "STEP31",
        "stepName": "Url: profile_2",
        "infFile": "t37.inf",
        "time": 1736713367547
    },
    {
        "stepId": "STEP32",
        "stepName": "Url: edit",
        "infFile": "t38.inf",
        "time": 1736713367580
    },
    {
        "stepId": "STEP33",
        "stepName": "Url: notifications-count_3",
        "infFile": "t39.inf",
        "time": 1736713367605
    },
    {
        "stepId": "STEP34",
        "stepName": "Submit Data: edit_2",
        "infFile": "t40.inf",
        "time": 1736713367788
    },
    {
        "stepId": "STEP35",
        "stepName": "Url: notifications-count_4",
        "infFile": "t41.inf",
        "time": 1736713369853
    },
    {
        "stepId": "STEP36",
        "stepName": "Url: profile_3",
        "infFile": "t42.inf",
        "time": 1736713369887
    },
    {
        "stepId": "STEP37",
        "stepName": "Url: profile_4",
        "infFile": "t43.inf",
        "time": 1736713375106
    },
    {
        "stepId": "STEP38",
        "stepName": "Url: notifications-count_5",
        "infFile": "t44.inf",
        "time": 1736713375140
    },
    {
        "stepId": "STEP39",
        "stepName": "Url: profile_5",
        "infFile": "t45.inf",
        "time": 1736713375171
    },
    {
        "stepId": "STEP40",
        "stepName": "Submit Data: logout_all_sessions",
        "infFile": "t46.inf",
        "time": 1736713375236
    }
]