[
    {
        "transactionName": "login1",
        "rawStartTime": 1736713333966,
        "rawEndTime": 1736713343077
    },
    {
        "transactionName": "redact1",
        "rawStartTime": 1736713343124,
        "rawEndTime": 1736713349763
    },
    {
        "transactionName": "redact1",
        "rawStartTime": 1736713349809,
        "rawEndTime": 1736713356508
    },
    {
        "transactionName": "redact1",
        "rawStartTime": 1736713356554,
        "rawEndTime": 1736713363223
    },
    {
        "transactionName": "redact1",
        "rawStartTime": 1736713363271,
        "rawEndTime": 1736713369890
    },
    {
        "transactionName": "logout1",
        "rawStartTime": 1736713369936,
        "rawEndTime": 1736713375253
    }
]